{"_runtime":21.436588359,"_step":31,"_wandb":{"runtime":21},"train_loss":0.06011120602488518,"_timestamp":1.7343799517596946e+09}