{"_wandb":{"runtime":95},"_timestamp":1.7343801049998477e+09,"_runtime":95.001894127,"_step":103,"train_loss":0.029698832891881466}